{
  "todos": [
    {
      "userId": 1,
      "title": "Wave hello! 👋",
      "completed": false,
      "id": 1
    },
    {
      "userId": 1,
      "title": "Get Coffee ☕☕☕",
      "completed": false,
      "id": 2
    },
    {
      "userId": 1,
      "title": "Go to Work ⚒",
      "completed": false,
      "id": 3
    },
    {
      "userId": 1,
      "title": "Write Code 💻",
      "id": 4,
      "completed": false
    },
    {
      "userId": 1,
      "title": "hey hey",
      "id": 5,
      "completed": false
    }
  ]
}